<books>
  <book>
    <isbn>isbn1</isbn>
    <title>libro1</title>
    <author>autor1</author>
    <publisher>Editorial1</publisher>
    <edition>edicion4</edition>
    <publishingDate>22/04/2010</publishingDate>
    <price>34</price>
  </book>
  <book>
    <isbn>isbn2</isbn>
    <title>libro1</title>
    <author>author1</author>
    <publisher>Editorial3</publisher>
    <edition>edition6</edition>
    <publishingDate>22/03/1945</publishingDate>
    <price>67.0</price>
  </book>
  <book>
    <isbn>isbn3</isbn>
    <title>title3</title>
    <author>autor1</author>
    <publisher>publ4</publisher>
    <edition>edition1</edition>
    <publishingDate>22/06/1995</publishingDate>
    <price>22.0</price>
  </book>
</books>