<orders>
  <order>
    <orderID>3</orderID>
    <clientDNI>dni1</clientDNI>
    <date>04/03/2019</date>
    <isbns>
      <isbn> isbn1</isbn>
      <isbn> isbn1</isbn>
    </isbns>
    <codWarehouses>
      <codWarehouse>1</codWarehouse>
      <codWarehouse>3</codWarehouse>
    </codWarehouses>
    <quantities>
      <quantity>3</quantity>
      <quantity>5</quantity>
    </quantities>
  </order>
  <order>
    <orderID>4</orderID>
    <clientDNI>dni2</clientDNI>
    <date>04/03/2019</date>
    <isbns>
      <isbn> isbn3</isbn>
      <isbn> isbn1</isbn>
    </isbns>
    <codWarehouses>
      <codWarehouse>2</codWarehouse>
      <codWarehouse>2</codWarehouse>
    </codWarehouses>
    <quantities>
      <quantity>14</quantity>
      <quantity>1</quantity>
    </quantities>
  </order>
  <order>
    <orderID>7</orderID>
    <clientDNI>dni2</clientDNI>
    <date>04/03/2019</date>
    <isbns>
      <isbn> isbn1</isbn>
      <isbn> isbn1</isbn>
      <isbn> isbn1</isbn>
      <isbn> isbn3</isbn>
    </isbns>
    <codWarehouses>
      <codWarehouse>2</codWarehouse>
      <codWarehouse>1</codWarehouse>
      <codWarehouse>3</codWarehouse>
      <codWarehouse>2</codWarehouse>
    </codWarehouses>
    <quantities>
      <quantity>2</quantity>
      <quantity>1</quantity>
      <quantity>3</quantity>
      <quantity>10</quantity>
    </quantities>
  </order>
</orders>