<warehouses>
  <warehouse>
    <codWarehouse>1</codWarehouse>
    <name>Warehouse1</name>
    <population>Population1</population>
    <telephone>Telephone1</telephone>
    <email>Email1</email>
  </warehouse>
  <warehouse>
    <codWarehouse>2</codWarehouse>
    <name>Warehouse2</name>
    <population>Population2</population>
    <telephone>Telephone3</telephone>
    <email>Email2</email>
  </warehouse>
  <warehouse>
    <codWarehouse>3</codWarehouse>
    <name>name3</name>
    <population>po3</population>
    <telephone>tel4</telephone>
    <email>email6</email>
  </warehouse>
</warehouses>